Split,N,Correct,Accuracy,95% CI (Wilson) Low,95% CI (Wilson) High,95% CI (Exact) Low,95% CI (Exact) High
Dev,214,203,0.9485981308411215,0.9103161447155567,0.9710587829011176,0.9098906863487031,0.9740643793625995
Test,819,797,0.9731379731379731,0.9596633913477635,0.9821948386820396,0.959611832963427,0.9830908360147388
Train,794,775,0.9760705289672544,0.9629287728635427,0.9846279022651967,0.9628825654425497,0.9855328305203499
Overall,1827,1775,0.9715380405035577,0.9628676573115026,0.9782296680188084,0.9628419624869732,0.9786717970185376
